{
    "avg_expansions_per_iter": [
        2000.0,
        2000.0,
        1497.2
    ],
    "avg_path_cost_per_iter": ["Infinity", "Infinity", "Infinity"
    ],
    "avg_time_per_iter": [
        6.707535648345948,
        7.2457753896713255,
        7.461564302444458
    ],
    "dataset_size_per_iter": [
        899,
        1798,
        2694
    ],
    "num_solved_per_iter": [
        0,
        0,
        5
    ],
    "train_loss_hist": [
        [
            61649.01478794642,
            48249.525390625,
            31197.86593191965,
            17200.303083147322,
            8530.127267020089,
            4309.199166434151,
            2575.724042619978,
            1886.8775373186386,
            1636.6409214564733,
            1545.2820870535716,
            1486.6922520228795,
            1493.496555873326,
            1471.9627380371091,
            1470.6034022739955,
            1452.955130440848,
            1443.7889535086492,
            1421.6017935616628,
            1419.4389735630577,
            1404.4426313127792,
            1393.4414672851562
        ],
        [
            1089.4535849434988,
            1081.7159380231583,
            1070.3989824567523,
            1055.8060847691127,
            1039.4804883684433,
            1026.2153494698662,
            1004.0355050223216,
            996.6067417689733,
            985.1596439906532,
            967.6620744977677,
            959.1245880126954,
            927.906733921596,
            932.0567256382534,
            925.1701943533759,
            910.1974421909877,
            905.3118057250977,
            890.9046347481863,
            881.7875987461636,
            877.138218470982,
            871.2708413260324
        ],
        [
            856.8338230678011,
            807.6597122918992,
            762.7512875511533,
            734.8376653762091,
            713.6290050688244,
            695.4504772367932,
            681.0628320603143,
            669.433104015532,
            663.0941452752976,
            655.1399260021392,
            647.2606084914437,
            646.0162026541573,
            638.992918468657,
            637.681091308594,
            634.5065590994697,
            630.9182521275111,
            626.5687546502975,
            626.927257719494,
            616.6880711146763,
            620.5488666352771
        ]
    ],
    "train_loss_per_iter": [
        37.3288289032104,
        29.517297324213686,
        24.910818265068635
    ],
    "validation_loss_per_iter": [
        14.245235823777975,
        20.6997001755751,
        32.43824654831152
    ]
}