{"avg_expansions_per_iter": [2000.0, 2000.0, 2000.0], "avg_path_cost_per_iter": [Infinity, Infinity, Infinity], "avg_time_per_iter": [6.838824677467346, 6.843773317337036, 6.814756321907043], "dataset_size_per_iter": [898, 1796, 2695], "num_solved_per_iter": [0, 0, 0], "train_loss_hist": [[64835.31919642857, 64740.27790178571, 64615.54743303572, 64516.39648437501, 64422.49999999999, 64342.80106026786, 64220.33649553572, 64126.689732142855, 63959.88197544643, 63842.72321428572, 63683.00530133928, 63546.13113839285, 63402.07198660714, 63221.798549107145, 63085.21958705357, 62946.3515625, 62800.07449776786, 62592.654575892855, 62409.69754464284, 62157.92522321429], [57292.98479352678, 56844.04617745536, 56385.42843191964, 55853.45731026785, 55328.27845982143, 54760.306780133935, 54147.67843191966, 53519.57393973215, 52869.2456752232, 52149.844029017855, 51456.0009765625, 50670.40569196428, 49899.930385044645, 49046.10756138393, 48199.577845982145, 47302.93889508928, 46441.76046316965, 45479.487723214275, 44503.49037388393, 43534.96944754463], [40831.44047619049, 39265.49497767856, 37639.3558407738, 35990.485119047626, 34286.74683779762, 32559.900716145832, 30795.421968005958, 29027.611188616076, 27227.136393229168, 25449.00451078869, 23650.687825520836, 21865.24874441965, 20115.192289806546, 18391.242629278277, 16717.06173270089, 15077.877836681548, 13538.179501488094, 12040.030040922617, 10612.749069940473, 9306.347214471725]], "train_loss_per_iter": [249.31491175462065, 208.6503521385589, 96.46941077083308], "validation_loss_per_iter": [170.45392787609086, 143.75894520236346, 52.54147503319297]}